type,category,business_id,sender,recipient,expired,status,amount,time_difference,label
2,0,339,9qzD1m,aXDKxn,0,6677,2230.09,38547,FRAUD
2,0,200,y8uADo,Hent2P,1,1,591.94,119,NOT_FRAUD
2,3,299,WHfnpK,cohPnu,9387,0,4125.98,36,FRAUD
0,3,218,IRl8kH,cgNvNe,1,2,83.89,166,NOT_FRAUD
3,1,365,EeIsvi,EEjHsz,0,1,4178.31,147,NOT_FRAUD
3,1,389,7DAkan,hBKbHv,1,1,4732.2,98,NOT_FRAUD
2,7555,344,NKkpFj,tl7w8B,1,0,3504.27,122,FRAUD
2,8288,302,KGtp9J,xrH6w2,0,1,3705.71,20,FRAUD
0,1,216,Dnq3oP,GkUKwQ,1,1,2925.26,164,NOT_FRAUD
2,0,220,zuTVry,EUAfCO,1,1,3649.27,176,NOT_FRAUD
3,9993,237,imicZ1,VsrXtp,1,1,4108.37,107,FRAUD
1,1,223,JcdoO2,C0FHKA,1,2,1845.41,28,NOT_FRAUD
2,2,396,RIF2gm,DfuGgM,0,0,437.11,19,NOT_FRAUD
3,1,299,io9wtJ,qs8Cft,1,1,2918.98,145,NOT_FRAUD
2,1,285,1zXpI8,w5v6VA,1,0,1710.84,148,NOT_FRAUD
0,1981,363,um61jW,iY9s3A,0,0,692.62,70,FRAUD
9564,1,361,ZMBTgt,sBSgqd,0,1,863.75,177,FRAUD
0,2280,333,xORSGa,sg0Hw4,0,2,85.84,128,FRAUD
3,2,315,389zaz,mmG0aj,1,1,4510.04,51,NOT_FRAUD
1,1,295,MWDqxV,CvcYfu,0,1,229.2,172,NOT_FRAUD
2,1,233,u7SD1y,Feu64j,0,0,2489.44,124,NOT_FRAUD
3,2,337,draBuK,TLIf2T,0,2,1140.18,56,NOT_FRAUD
2,3,354,QMaseB,ImbnSd,0,1,2921.09,95,NOT_FRAUD
1,2,245,1RTL65,EYs4IL,0,1,1248.71,107,NOT_FRAUD
2,3,231,juUyoX,tsuxbN,1,0,951.19,46,NOT_FRAUD
0,2,222,nNNLUn,ekA72T,1,1,287.9,173,NOT_FRAUD
0,0,400,mDxLtt,8ZpQEg,1,2,2621.29,35,NOT_FRAUD
2,2,225,WPOXAb,DVBsCW,1,1,4144.95,141,NOT_FRAUD
0,0,382,NTBuMW,0utMeh,1,2,987.11,32,NOT_FRAUD
2,3,329,FzZSWM,uXYzqp,0,1,198.87,18,NOT_FRAUD
1,3,360,zymgN8,PRozRz,1,0,1985.3,119,NOT_FRAUD
1,1,333,uSlCDA,Ya6Gwr,0,2,1067.27,15,NOT_FRAUD
0,0,277,egkFVF,J7t8YQ,1,2,4758.53,53,NOT_FRAUD
1,3,296,rapy9M,hz4pww,1,2,4129.45,159,NOT_FRAUD
1,0,268,xu1BBV,EExqWD,1,2,4342.28,160,NOT_FRAUD
8062,2,281,o7f068,tTQkzI,0,2,3415.04,162,FRAUD
0,1,238,edGSiU,ueBzie,0,0,1831.89,13,NOT_FRAUD
0,0,279,9Duuv7,x6v3Zo,1,0,2708.59,174,NOT_FRAUD
0,0,389,TcaeLt,NKGOBU,1,1,2654.84,99,NOT_FRAUD
3,0,234,DxAZRu,gvqFJa,1,0,2029.58,112,NOT_FRAUD
5808,3,296,0byCAB,O9XXCM,1,2,2979.0,69,FRAUD
2,0,206,j6Kxyg,LoXWVp,1,1,1377.24,112,NOT_FRAUD
0,2,279,mid0Xf,VmkMKt,1,1,81.46,15,NOT_FRAUD
1,3,335,R4fodn,ytZy2F,0,0,90.05,26749,FRAUD
1,2,327,Jo7ewr,tY1A0F,0,1,1880.04,44,NOT_FRAUD
1,1,352,haTktj,XeOjys,0,1,3861.9,74,NOT_FRAUD
0,0,237,sYbFkd,7AyMCF,1,2,232.04,1,NOT_FRAUD
2,0,259,kNFiKh,7DD08D,0,1,1518.71,130,NOT_FRAUD
3,2,384,8Y5rmH,gk7acc,0,2,906.56,92,NOT_FRAUD
0,0,311,ymEJnH,SaZvv9,0,1,979.88,145,NOT_FRAUD
1,3,280,XQsnUi,0Lrwza,1,0,3294.61,162,NOT_FRAUD
2,1,353,an1IHS,3yiBzf,1,2,427.86,44,NOT_FRAUD
3,2,212,d6FNWu,W6NCwN,1,2,4684.56,139,NOT_FRAUD
0,1,398,oqUAa9,3uYi5Y,0,2,2137.87,156,NOT_FRAUD
0,0,291,7BSM0Q,C7VOSP,0,0,3919.4,49,NOT_FRAUD
1,1,204,WWoVyo,6eA7hw,1,1,3651.32,157,NOT_FRAUD
2,1,244,bqNByZ,B5phnB,1,1,3583.01,103,NOT_FRAUD
3,2,221,ytlUm9,B5PgGT,1,1,3775.62,118,NOT_FRAUD
3,2,370,RxDB9M,iODdrD,0,0,2705.42,104,NOT_FRAUD
1,3,267,UY1E4n,IxG7HZ,0,0,2330.16,34,NOT_FRAUD
2,0,264,TAa9fD,BwSPkj,0,8913,1182.88,157,FRAUD
0,5832,359,wCguDo,pVWOsK,1,1,1251.57,22,FRAUD
1,2,288,oZcMbm,ZBE8ad,1,0,3429.16,38,NOT_FRAUD
1,3,201,xQqdzd,HABSIs,0,2,720.82,74,NOT_FRAUD
2,2,212,EQwibV,Qzn2Mf,0,2,3235.32,23,NOT_FRAUD
1,2,359,1PnPWz,x0H6QC,523,2,911.67,139,FRAUD
3,3,328,WEJaQF,sRGYuP,0,2,3442.04,49,NOT_FRAUD
0,3,200,QtDPA5,kJIVB8,1,0,2236.45,42,NOT_FRAUD
3,1,324,YxZFxo,eSIFUQ,1,0,2460.34,68080,FRAUD
1,2,209,5NySoO,j9eZtc,1,0,3237.58,9,NOT_FRAUD
3,0,295,di4HwA,kLAm7N,0,1,373.67,44,NOT_FRAUD
3,0,391,lZcTdk,jWcF2m,1,2,2292.67,180,NOT_FRAUD
0,1,331,9XAQkK,NlUpuE,1,1,3853.78,17,NOT_FRAUD
0,2,323,ywbHgI,TgXf0m,0,0,2521.05,161,NOT_FRAUD
1,2,381,YRXK8F,PwODcG,0,2,4857.52,164,NOT_FRAUD
3,1,398,B8xySM,Bf45wR,0,2,4832.98,92,NOT_FRAUD
1,2,337,6Jqzjz,zZ7wMV,1,0,4532.94,135,NOT_FRAUD
2,3,207,8OevQY,3BhXEa,0,2,1000.91,169,NOT_FRAUD
1,0,257,kyi0xv,MZhwMq,1,2,1987.56,129,NOT_FRAUD
3,2,248,0gMTpq,NOqc67,1,0,627.86,21,NOT_FRAUD
3,0,336,NZOJ2W,Ku8Dfk,0,0,2639.24,59,NOT_FRAUD
1,1,364,VOu3Hz,RNVZuH,1,2,2648.15,64,NOT_FRAUD
2,1,326,nCJdi1,u7iYv6,1,0,3849.68,127,NOT_FRAUD
3,3,226,pw3Q1Y,rNbS4t,1,0,825.47,179,NOT_FRAUD
1013,0,370,bYc4qt,eGrpGX,1,0,1975.38,22,FRAUD
2,2,363,Ivey4Y,gFs6hE,0,2,3007.77,160,NOT_FRAUD
3,1,213,hMTva3,dHX0i0,1,1,1762.98,95140,FRAUD
1,0,200,eBdLWQ,XfgUQ1,1,1,3134.05,116,NOT_FRAUD
3,1,341,lX0BFJ,GGUTL2,1,2,1248.42,0,NOT_FRAUD
1,1,219,unXTF0,oNUYTE,1,1,3247.42,105,NOT_FRAUD
0,2,257,dLLN7x,T58Y8v,1,2,3921.05,50,NOT_FRAUD
2,3,395,01dkkp,tA18tz,0,0,3098.33,80,NOT_FRAUD
2,3,313,ICO46l,JpZqAL,1,1,3081.75,53,NOT_FRAUD
1,2,354,3dPPPr,m1cRld,0,2,1706.2,98,NOT_FRAUD
1,3,349,tvGjKw,r81qaU,1,0,3050.32,19,NOT_FRAUD
2,2,379,DYMj9J,cgeAno,1,0,4820.54,155,NOT_FRAUD
3,1,383,SwLRwu,ZifFgK,0,2,2175.39,115,NOT_FRAUD
2,3,350,tfdLMh,JZMfjd,1,1,4786.39,155,NOT_FRAUD
3,2,298,MEhV2Y,QBdDy4,0,2,2618.38,111,NOT_FRAUD
0,2,207,T0Egv7,iqg1Bh,1,1,4169.42,58,NOT_FRAUD
1,1,318,axp6Yf,cax5UY,0,1,2602.66,9,NOT_FRAUD
1,1,288,plCMTj,WlpiR6,0,2,1320.25,167,NOT_FRAUD
3,0,340,DrBqOv,mTP0zK,8814,1,1770.99,95,FRAUD
1,2,267,zfviXn,GK7Rr4,0,1,284.41,86,NOT_FRAUD
2,0,353,9ADFbw,7YmJd9,0,0,544.49,124,NOT_FRAUD
0,3,268,AwjWRd,Dz6AsC,1,0,3545.45,12,NOT_FRAUD
2,2,209,2WPDan,8wcIVZ,1,1,1462.5,19,NOT_FRAUD
1,0,334,HwyG63,hV3vMT,0,0,393.93,3,NOT_FRAUD
0,3,210,Mqxj52,PLLQtL,1,2,2873.11,109,NOT_FRAUD
0,2,291,V69e9j,9F3jTp,0,0,3918.26,77,NOT_FRAUD
0,0,352,TXM5b9,5jAYZn,1,2,333.95,70,NOT_FRAUD
1,0,379,R8PYlz,9ankcS,0,2,3589.33,66,NOT_FRAUD
2,3,340,NOjjm8,oiOWLt,1,0,4601.38,5,NOT_FRAUD
0,1,368,nL9yLP,fLhRx0,0,2,2413.57,42,NOT_FRAUD
0,0,228,ZmpfbN,vWer2L,1,1,2418.23,6,NOT_FRAUD
3,0,243,I1K0LW,pJlyBy,0,7382,2653.51,16,FRAUD
3,2,303,M0KTuq,nEjg54,0,0,3832.16,150,NOT_FRAUD
1,3,265,g1YcxE,jnLCZ1,1,1,4978.7,118,NOT_FRAUD
2,1,357,4liHES,y8XAKu,1,1,4528.18,133,NOT_FRAUD
2,0,292,FrGtyU,5wSdQs,3789,0,1183.14,157,FRAUD
0,0,386,tbDQel,Joc6Pk,0,0,1962.64,30,NOT_FRAUD
3,2,221,ls2AHA,ztGXMt,1,1,1708.75,91,NOT_FRAUD
3,3,249,v9tA0K,m406YG,1,1,2595.29,78,NOT_FRAUD
1,2,360,gC0L65,DIwaxC,0,0,1790.42,138,NOT_FRAUD
0,3,220,nVq3ea,8VWCif,0,0,3049.26,145,NOT_FRAUD
7808,3,231,sl7vUC,VSnFtY,1,0,2786.7,95,FRAUD
2,3,228,IRY2Gp,KONXrB,1,6633,1061.54,110,FRAUD
0,2,370,AneFlW,KFBlIk,0,0,1718.36,115,NOT_FRAUD
2,0,222,DkFwQ9,yyubLK,0,2,2634.43,137,NOT_FRAUD
0,2,397,9LRv1o,yj7dKY,1,1,2291.95,59,NOT_FRAUD
2,3,229,lUypei,jEp43P,1,1,1321.01,72,NOT_FRAUD
1,2,302,ELNFyx,e4Bo7j,1,2,2705.51,109,NOT_FRAUD
1,2,297,e9SDr0,LLFyl1,0,0,3317.06,74,NOT_FRAUD
3,1,386,Eh2XuG,y0OZ57,0,1,2203.62,21,NOT_FRAUD
1,3,393,tlyJzk,OJ9Axc,5904,0,4718.19,145,FRAUD
2,0,201,xCOF3e,Nuyuhi,0,1,4865.16,19,NOT_FRAUD
0,2,220,6KfZBh,ZViiSJ,0,2,1083.05,159,NOT_FRAUD
0,0,271,QfhX3L,Ku7KYd,1,1,1581.95,1,NOT_FRAUD
0,1,201,DRX3Bk,sWcXBP,1,2,344.39,125,NOT_FRAUD
2,1,344,vqwmV0,MQmBaY,0,2,4636.23,69,NOT_FRAUD
3,0,225,BPm2M7,FKJjlf,1,1,1039.84,123,NOT_FRAUD
2,3,319,B8xQtm,tb2GWI,1,2,1433.34,101,NOT_FRAUD
1,2,209,1bArZl,usDca9,0,2,1075.45,88731,FRAUD
2,2,332,xsiI2E,wMSnpy,0,2,3573.02,1,NOT_FRAUD
1480,0,241,dHa2O1,RnYJkd,1,0,3023.45,5,FRAUD
2,2,208,IZFuVq,Lah9k0,0,1,2991.25,87489,FRAUD
3,2,376,XDk7yL,ooUXwK,0,2,994.16,129,NOT_FRAUD
3,3,360,jygb04,pFSWmc,0,1,793.57,38,NOT_FRAUD
1,1,387,LiIAcC,pL52pk,1,2,4413.06,157,NOT_FRAUD
3,0,235,7EJS83,BSLJEN,1,1,1565.58,146,NOT_FRAUD
3,2,344,01aGOv,RUpKAj,1,1,419.88,141,NOT_FRAUD
2,3,260,FFRGFP,dEhlHT,1,0,3495.08,27,NOT_FRAUD
0,1747,326,lwLQXs,4pZENW,0,2,636.6,131,FRAUD
0,2,221,32BMXz,zWhKxl,1,1,269.43,78,NOT_FRAUD
1,3,400,bmwxbJ,opnChh,1,9487,2909.0,55,FRAUD
3,3005,308,nKqCBi,BtcoTg,0,2,3188.04,169,FRAUD
1,3,367,W44kE7,iKoo5Y,0,2,3836.7,81,NOT_FRAUD
2,2,234,BOTt7V,dkKxSK,1,921,698.89,179,FRAUD
2,0,391,Wjwi4v,gFZ8QZ,1,2,4782.57,105,NOT_FRAUD
3,0,350,61G7ZL,mzJSS7,5880,1,3422.14,93,FRAUD
2,2,256,V1AMuF,aI3atQ,0,0,4838.03,86,NOT_FRAUD
1,3,235,cGjz5I,71gVWT,0,0,4592.7,98,NOT_FRAUD
1,2,323,g1lBXb,1h1z7l,0,0,2764.76,80,NOT_FRAUD
1,2,365,DBMGSB,0V2nlz,0,1,1093.67,2,NOT_FRAUD
2,1,308,HE57tP,YNJeDl,0,0,3242.02,51,NOT_FRAUD
1,3,200,gChMFW,Tg28rh,0,1,1365.36,114,NOT_FRAUD
0,3,263,SThrrb,gXOUlT,0,0,634.76,62,NOT_FRAUD
1,9987,289,VxCib6,BcEQBl,1,0,2135.09,16,FRAUD
3,1,356,rqPHWZ,aBONiL,1,2,2058.9,103,NOT_FRAUD
9917,2,207,Qy1lqH,vDVjuz,1,1,2012.19,134,FRAUD
1,2,232,1oCb2J,Bh9I6n,0,0,1715.76,162,NOT_FRAUD
1,2,219,O7hsw1,gNAwjZ,0,2,2999.66,48,NOT_FRAUD
0,2,355,809q6H,rEa1jZ,0,1,816.34,175,NOT_FRAUD
0,1,275,DyP4Qy,I0Ls2b,1,2,2716.95,174,NOT_FRAUD
2,0,292,gXJiKo,yH3grS,1,2,1544.06,27,NOT_FRAUD
0,3,245,MoFuWP,UYMBy3,1,3601,4525.4,98,FRAUD
3,3,353,2I1yI4,8T5NwG,0,1,3182.75,17,NOT_FRAUD
1,1,236,av30T3,YdKMeI,0,1,2641.02,23,NOT_FRAUD
3,0,339,tiwwf6,4PBahN,1,2,3304.12,88,NOT_FRAUD
0,9560,256,thUYWH,ygae3U,0,2,2212.67,110,FRAUD
2,4650,264,1fMsUx,kP4XmB,1,2,3049.56,39,FRAUD
0,3,244,KjRw9T,xIfjZk,1,2,4505.79,77,NOT_FRAUD
0,1,248,tPHQVz,aQDPb3,1,2,598.11,12929,FRAUD
2,1,373,S0VXQt,KF61Xy,6490,1,4127.82,0,FRAUD
0,0,385,AljdzB,7JMw1S,1,0,3701.9,54,NOT_FRAUD
2,2,292,NFziDQ,HFDaSA,0,1,4114.56,60,NOT_FRAUD
3,1,387,mxJARD,t1IL5Y,1,6308,2437.04,126,FRAUD
3,0,319,OAz9vz,MK3fVW,0,0,3123.74,86,NOT_FRAUD
0,0,327,QxrhrG,ZtYF7l,0,0,4919.24,81,NOT_FRAUD
0,3,346,D0Bwu5,HSAwOx,0,2,4654.17,72,NOT_FRAUD
1,2,313,8VZu1U,kqJ8fb,0,1,1473.51,72,NOT_FRAUD
3,2,242,GHcE9V,2ZyLbc,0,0,764.72,76,NOT_FRAUD
0,2,273,h7B6fB,tOxprY,1,1,2370.83,155,NOT_FRAUD
5091,0,228,lGUy1l,G88smQ,0,0,3932.77,59,FRAUD
2,2,338,467IOk,e4gpnd,1,2,2392.83,53,NOT_FRAUD
1,0,348,oium3d,2l0hi1,1,8087,2662.19,4,FRAUD
3,2,342,3S575u,rg5FLm,0,0,1543.04,172,NOT_FRAUD
2,1,285,Na7R7p,oNdwN3,1,1,1106.24,102,NOT_FRAUD
3,0,297,KKjKgo,LFKy7V,0,0,1458.77,40,NOT_FRAUD
2,0,262,I6OiFD,yC7K2k,1,0,2473.32,113,NOT_FRAUD
0,0,236,t28CaS,bTXHYd,1,0,1421.71,151,NOT_FRAUD
0,0,279,35pDJ2,oFGr9R,1,2,2815.86,113,NOT_FRAUD
3,5771,375,f2I6HG,Py2eBx,1,1,1254.43,174,FRAUD
3,1,377,7pxJxF,ErvWEH,2795,2,849.56,52,FRAUD
2,3,203,TlXcMZ,aheAJb,0,2,2496.77,21,NOT_FRAUD
2,2,369,G2bASq,W05pb1,1,0,3249.42,102,NOT_FRAUD
3,1,295,R6tz0y,Hz990K,0,1,3830.16,0,NOT_FRAUD
0,0,293,b4fXBG,bZio6M,0,1,4975.42,1,NOT_FRAUD
3,0,205,NkAFQf,ERkpj3,0,0,1440.19,72,NOT_FRAUD
2,1,248,wXmIVI,F9dLpM,0,2,171.27,101,NOT_FRAUD
1,3,222,8YDGXN,FaLE3Y,0,1,3157.67,17,NOT_FRAUD
1,2,241,1UY0Df,Cz15Fx,1,0,2282.28,161,NOT_FRAUD
1,0,344,jAPIaw,bjiqtK,0,2,3888.34,178,NOT_FRAUD
0,1,399,jM3nHG,AkmPDW,0,0,2951.19,58,NOT_FRAUD
3,2,374,m033Zn,xdCMeK,1,1,1996.15,134,NOT_FRAUD
1,0,396,Jn1vnb,p2XavN,1,7960,4996.7,97,FRAUD
0,0,354,kw4bet,1bCXOl,1,2,3822.43,5,NOT_FRAUD
1,0,213,8GFTBU,B8PRcN,0,0,1462.13,169,NOT_FRAUD
2,2,300,wfAtSR,qbCUmf,0,1,1746.8,153,NOT_FRAUD
0,2,279,eCEaXW,mFZlkm,1,1,2414.16,165,NOT_FRAUD
1,2,342,aXl4xw,xHLfZS,1,2,1184.15,141,NOT_FRAUD
2,0,207,qB46rW,iLJ9D2,0,0,1686.6,131,NOT_FRAUD
1,2,331,CWhzIP,lX6X5z,0,2,3160.3,56,NOT_FRAUD
3,1,327,xtk3M3,Czu5cY,1,1,3580.78,159,NOT_FRAUD
0,3,366,3o9lXS,Isj0UI,0,2,4885.81,22,NOT_FRAUD
0,2,211,SWqbWG,GWwOEm,0,1,4562.94,176,NOT_FRAUD
2,3,276,OAXbJT,M0QoUO,1,1,4289.15,17,NOT_FRAUD
3,1,226,uOlVdf,3QwNaE,137,0,3087.45,176,FRAUD
3,2,326,UdC2KF,mSc4zD,1,2,1859.86,45,NOT_FRAUD
2,2,380,F8XHKC,963WJ1,8562,1,2553.25,119,FRAUD
3,1,364,K8nABy,DNLPIW,1,8161,3641.86,108,FRAUD
0,0,224,J0a3hi,h59BKi,1,2,1216.06,141,NOT_FRAUD
2,1,311,SyOk3Y,xY2hD6,0,2,2949.97,93,NOT_FRAUD
3,3,218,IjegHV,5G8d2v,1,1,3701.16,68,NOT_FRAUD
3,3,245,Ft4xcr,fMxT9O,5133,2,4534.89,0,FRAUD
1252,2,236,92sOjb,WXPjVU,1,2,1053.91,52,FRAUD
3,0,381,8YH7Sv,tq9Pw0,0,2,2680.26,6,NOT_FRAUD
3,3,293,obst62,sAVa5O,1,2,3871.55,90,NOT_FRAUD
1070,4148,237,WXqJVi,frEOzh,0,0,2546.4,124,FRAUD
1,3,323,MVaBE1,1VCWRA,0,0,1072.97,178,NOT_FRAUD
1,0,261,IpJN2Z,xC8sXT,1,0,3209.34,165,NOT_FRAUD
2,3,330,TNOEvf,oLekzY,0,1,3334.19,34,NOT_FRAUD
3,1,347,R1ssED,m88I2v,1,1,2251.11,19,NOT_FRAUD
3,1,242,VFBiCf,moo0mg,0,2,4558.01,81,NOT_FRAUD
1,1,363,5EZwma,Ick7Wy,1,2,3789.91,21,NOT_FRAUD
0,2,391,p3QAQD,eBBK3i,0,1,4510.23,67,NOT_FRAUD
2,2,258,fYmoiU,k9fVgm,0,1,1689.33,137,NOT_FRAUD
2,3,347,vxZH6P,wJhtSt,1,0,4472.65,15,NOT_FRAUD
3,1,364,jVzC0Q,psqwoi,0,2,2662.76,166,NOT_FRAUD
1,1,227,bsWpuA,IMnwBj,1,2,3478.0,85,NOT_FRAUD
0,3,254,tFdldE,oiG2ro,1,2,2703.25,23,NOT_FRAUD
0,2,232,GsInlm,X90af4,0,0,1125.85,111,NOT_FRAUD
2,1,370,ikX24D,Ysdl0M,1,2,3383.07,159,NOT_FRAUD
1,0,273,gq9et7,ZfwD4q,0,1,2187.76,6,NOT_FRAUD
1,2,206,oWkWgK,fCqwm2,1,1,1406.39,149,NOT_FRAUD
0,3,322,bAsOk0,OuQ2BJ,1,2,3074.15,128,NOT_FRAUD
2,0,269,fvdQsz,xIFGVq,1,2,2246.75,71,NOT_FRAUD
1,1,268,aK1l2F,c7K0c3,1,2,3648.8,103,NOT_FRAUD
3,3,376,HU1WxW,tuhfPP,1,2,3815.15,24,NOT_FRAUD
2,1,232,cXZtP3,QFesUV,1,0,4484.58,54,NOT_FRAUD
2,3,356,Mll2nC,fnlsnO,1,1,3977.8,80,NOT_FRAUD
2,8086,247,ILkiOA,xIoEXv,0,1,635.5,44,FRAUD
3,2,216,LXakoG,FmeRKX,0,2,2480.93,20,NOT_FRAUD
0,0,296,HPVPvm,Do3Qxy,1,0,2992.01,8,NOT_FRAUD
0,2,260,KhoZqG,9t7z2P,0,0,240.34,132,NOT_FRAUD
2,3,271,RcuOFA,goXFVA,1,0,1121.54,107,NOT_FRAUD
3,1,216,5cj5bH,fw8qpi,0,2,4029.35,52,NOT_FRAUD
3,1,274,vB5LVA,ppqwGM,0,0,563.02,83,NOT_FRAUD
2,3,362,li0nBu,lrpbN2,0,2,1147.37,163,NOT_FRAUD
0,2,355,1KDGnl,zeI4gn,1,1,1044.61,7,NOT_FRAUD
1,0,227,RGkdIE,GhmSes,0,0,1677.04,35975,FRAUD
0,2,204,WjaMAx,QUIlyj,0,1,1213.99,151,NOT_FRAUD
2,3,317,qiC57U,tCyVoL,1,0,4815.07,74,NOT_FRAUD
1,2,253,iE5jSR,MtESOu,1,0,438.56,144,NOT_FRAUD
3,0,393,vyNOHr,ufhykS,1123,0,4800.98,42,FRAUD
2,3,386,SkaS1g,RAnl5c,0,2,607.46,7,NOT_FRAUD
3,0,341,gMa44W,BdLC2H,1,1,1131.98,41,NOT_FRAUD
1,1,246,c4sivH,Ai5deX,1,0,268.26,154,NOT_FRAUD
2,0,255,DaJPIO,OviXdU,1,1,4874.67,85,NOT_FRAUD
2,3,204,Yb8xkB,HgXWxa,3315,2,618.61,68,FRAUD
0,1,275,B1OUrJ,9YtSiD,0,1,4887.36,75,NOT_FRAUD
1,1,353,g0MZaj,bHSaES,1,1,1784.34,123,NOT_FRAUD
2,1,307,oKwS88,9nFYYF,1,2,340.29,141,NOT_FRAUD
1,0,361,SFFEHZ,6TksNj,0,1,3133.34,129,NOT_FRAUD
2,0,306,itQax9,Hpa7mR,1,0,4385.55,143,NOT_FRAUD
0,0,298,8fMOqA,wX0kHx,0,1,3087.0,71,NOT_FRAUD
3,1,207,RnHkHA,FeSciB,0,2,3543.65,142,NOT_FRAUD
0,1,393,jzfomM,wC2Qmg,1,7110,1306.65,62,FRAUD
0,2,252,8F4igG,bEEKcV,0,2,4495.13,62,NOT_FRAUD
0,1,206,Rb9VfB,lqU62Q,0,2,3441.04,28,NOT_FRAUD
3,0,223,1MlNSE,Boslxq,0,0,4684.5,81,NOT_FRAUD
0,0,240,St2oY5,yQmAfG,0,2,4815.62,63,NOT_FRAUD
0,2,329,V7W2Sb,3uF9qw,0,0,91.38,67,NOT_FRAUD
3,3,375,XC6EYJ,zGLJYo,2753,1,581.68,81,FRAUD
3,3,379,kweaH6,ttmAjR,0,2,3680.21,163,NOT_FRAUD
1,2,297,GICFPD,xvQTyX,0,1,4243.73,140,NOT_FRAUD
3,3,373,CefII5,kbUlUk,1,1,4269.02,23,NOT_FRAUD
0,2,298,XvleOg,d8u9ju,0,0,4514.7,46,NOT_FRAUD
2,3,227,OzL5HW,QI88CN,1,1,3998.53,168,NOT_FRAUD
0,3,335,lKsxWo,iPdJ41,0,2,2758.2,56,NOT_FRAUD
3,0,243,qyAkmK,M96mXG,1,1,2375.52,64,NOT_FRAUD
1,3,397,weEEmX,hWRNKT,0,1,3827.85,177,NOT_FRAUD
0,2,239,ewZSlJ,lPHoww,0,0,3069.13,124,NOT_FRAUD
0,2,363,7vaBFb,UlnD1Z,0,0,2784.29,49,NOT_FRAUD
2,2,255,x49qFp,noQyOD,0,2,3132.72,126,NOT_FRAUD
2,3,343,qsn3kF,rZKAep,0,2,779.62,114,NOT_FRAUD
3,3,311,rWD4bp,vulp2p,1,0,2014.86,90,NOT_FRAUD
3,0,285,i5eBFQ,bg6pE6,1,0,649.64,97,NOT_FRAUD
1,2,389,MEYSvY,NVtn7s,1,1,4922.9,96557,FRAUD
3,2,362,Kp1DmI,GDV2GS,1,4806,1492.03,57,FRAUD
3,2,288,cIKE7G,mFhtm0,1,1,501.35,167,NOT_FRAUD
0,2,368,WhKuIh,u2JdWZ,1,1,997.0,91,NOT_FRAUD
0,1,223,6vC2mE,Bhef3K,0,0,1828.46,3,NOT_FRAUD
0,3,208,un2e39,hPrXxb,1,1,2025.07,122,NOT_FRAUD
1,0,218,b54jQi,cSR3Zc,1,1,2434.29,3,NOT_FRAUD
3,0,231,NI5SYp,k2CHyT,0,2,3146.92,167,NOT_FRAUD
1,0,326,5U5Fou,HPKryG,0,1,3236.29,65,NOT_FRAUD
2,2,312,I6pWcz,NdAj59,1,2,1685.2,148,NOT_FRAUD
2762,1,233,rZJUGY,qs33RW,1,2,2463.9,111,FRAUD
1,2,240,7S5Qz9,KIaEtm,0,2,2218.45,156,NOT_FRAUD
1,2,209,1pkd7n,uT1r61,1,1,4591.1,62,NOT_FRAUD
1,0,394,93quki,1VnH4q,0,2,2851.94,32,NOT_FRAUD
3,2,236,C2OcmX,asBBoV,0,2,1726.39,136,NOT_FRAUD
3,0,221,f0LKIv,xZZ38i,0,0,739.56,120,NOT_FRAUD
2,2,308,P7NyTw,5kNBzZ,0,1,2579.67,51,NOT_FRAUD
3,2,348,H7aEvX,Yfd3es,1,1,2698.02,85,NOT_FRAUD
1,3,386,s1HsNY,JZVqh4,1,1,744.21,147,NOT_FRAUD
0,1,400,UqciBC,O1LQJH,0,1,1996.04,87,NOT_FRAUD
2,1,257,cYpf40,FesaOe,1,1,2553.44,2,NOT_FRAUD
2,1,386,y5vicY,GFwwJx,0,1,1027.08,5,NOT_FRAUD
3,0,362,QW2DqT,mUvHi0,1,2,4357.15,167,NOT_FRAUD
0,1,231,eso9IA,eno8Bu,0,0,4259.73,178,NOT_FRAUD
3,1,248,tUZZLz,Fbwnzi,1,1,4550.73,15,NOT_FRAUD
3,0,264,E2rsYs,XS8amW,0,1,3772.52,147,NOT_FRAUD
1,2,217,0rvx0d,O3gu0p,1,0,4865.54,5,NOT_FRAUD
1,2,356,xt20EU,ovdHN2,1,2,930.81,70,NOT_FRAUD
1,0,269,VlHJp4,C6IZVk,0,0,4405.01,113,NOT_FRAUD
2,3,311,U9Ltuw,bgM4Ao,0,1,3591.04,79,NOT_FRAUD
3,0,374,sjlqZJ,LOEn3u,1,0,2087.48,93,NOT_FRAUD
2,1,250,wkbjWr,5QTW9h,0,2,2475.36,137,NOT_FRAUD
7940,3,372,qBAnU1,mz2jLw,0,1,540.38,56,FRAUD
0,2,311,IJxQrM,u6ty6f,0,0,4338.0,170,NOT_FRAUD
0,1,375,cyCdBf,sIYNb9,1,2,4164.4,64,NOT_FRAUD
2,2,381,BEEXVt,roxVUz,1,2,2598.24,178,NOT_FRAUD
3,2,339,6XPry5,tXdtC1,3883,0,4212.15,94,FRAUD
2,2,344,sS48cC,i9xq5j,0,0,4478.01,139,NOT_FRAUD
3,0,258,eWltLS,C35BJA,2668,1,2864.74,149,FRAUD
2,3,266,2AX9JF,9x1KaG,1,0,3724.26,160,NOT_FRAUD
0,0,220,0iHZpM,BqCLWo,1,1,3134.66,6,NOT_FRAUD
0,2,287,QnJDUS,tPGXFy,1,0,2600.23,119,NOT_FRAUD
0,2,276,iB8ddJ,NXZH3q,0,0,3829.3,117,NOT_FRAUD
8141,0,374,xg1izy,zkX3zq,0,1,3614.31,76,FRAUD
2,3,355,flr46Y,DpAUfY,0,2,2814.88,74,NOT_FRAUD
2,3,200,7xom7b,dVadPZ,1,0,145.29,121,NOT_FRAUD
0,3,337,7wRTkp,Ah2J98,0,2,4298.22,15,NOT_FRAUD
2,1641,368,5A9Ajy,YjlQHH,0,1,2573.29,95996,FRAUD
1,2,234,Mz8eld,84zIgo,1,2,1380.45,137,NOT_FRAUD
3,5633,337,Qb18UM,ADUjI0,1,2,1298.92,173,FRAUD
3,2,245,1BJAbS,9VDTpY,0,2,3096.49,175,NOT_FRAUD
1,2,325,UMB62V,S9l41y,1,2946,2093.91,108,FRAUD
3,2,327,XB9ObG,FmrARD,0,0,2924.72,24,NOT_FRAUD
1,1,335,9liPz0,K0v0FS,1,0,3813.79,95,NOT_FRAUD
2,2,396,4zrqNo,Rm5ZMq,1,1,3662.81,21,NOT_FRAUD
2,0,272,68nc6l,YHYVkB,0,2,4361.91,158,NOT_FRAUD
3,3,311,zQoTxG,AGUhnv,1,2,3468.01,125,NOT_FRAUD
0,0,225,ThcQdg,QhY1MR,0,0,2456.69,73,NOT_FRAUD
2,2,294,J6ZfC0,HopHit,0,1,428.78,66,NOT_FRAUD
3,0,365,F7NHbm,BnVHF3,0,0,407.59,117,NOT_FRAUD
0,1,234,UgzW6I,DyZiOV,0,1,2640.74,119,NOT_FRAUD
0,2,328,fE3LHE,h2aAML,0,1,699.69,111,NOT_FRAUD
2,1,275,zWUqH5,Fvh0SL,0,1,3118.13,88,NOT_FRAUD
1,3,203,jG6TAu,8JavXM,1,1,330.17,109,NOT_FRAUD
0,0,205,1c62vr,U9llJE,0,0,1018.51,123,NOT_FRAUD
3,0,224,rimGQv,mRucKZ,0,2,2178.52,148,NOT_FRAUD
0,3,300,LzZLkM,pYJklL,0,0,3129.61,93,NOT_FRAUD
2,1,321,aiC5pM,zOETfQ,0,0,4746.09,132,NOT_FRAUD
3,1,366,ANeqd4,ZCecch,1,0,2972.92,130,NOT_FRAUD
3,0,284,5OW6zR,jjMcj6,0,2,4809.82,159,NOT_FRAUD
2,0,276,cgjsFq,nW7Ueq,8942,1,412.56,94,FRAUD
2,1,328,KU0sNW,hbZL54,1,2,3849.6,66,NOT_FRAUD
1,0,342,WTMmn6,PCM2E4,0,2,227.51,154,NOT_FRAUD
2,1,203,h3dAS4,UQhWFo,1,0,3461.37,58,NOT_FRAUD
3,0,308,HFIgQX,5rCmnw,0,2,1858.13,165,NOT_FRAUD
1,0,228,hNDTSa,QpuiQY,0,0,2409.74,3,NOT_FRAUD
1,1,273,posJa6,XHJu90,0,2,1933.19,23090,FRAUD
1,3,358,FSlprV,ofG3A6,1,2,2264.16,102,NOT_FRAUD
2,0,222,h4RInv,E9MqkY,1,2,3150.43,159,NOT_FRAUD
9566,3,261,vCfvIp,AbbFuV,1,1,3998.91,114,FRAUD
1,3,345,jnqKg3,KXgf00,1,2,396.49,66,NOT_FRAUD
1944,0,253,jMhKdI,udGda8,1,2,689.0,41,FRAUD
3,0,324,jf0bCC,7aUSyW,0,0,3179.64,21610,FRAUD
0,3,382,7Bfpvn,vjhNUu,0,1,3341.37,86,NOT_FRAUD
0,1,317,2oHQ1r,ej24Vp,0,2,3748.17,121,NOT_FRAUD
8495,3,308,cp6euB,8zyriv,0,1,3505.07,147,FRAUD
3,0,203,U4s7t5,69fzAG,1,2,92.33,32,NOT_FRAUD
1,0,252,Ptjxx2,lUB0Tg,0,2,4169.32,12,NOT_FRAUD
0,0,252,YXhtxD,mG1oJF,1,1,4960.29,40,NOT_FRAUD
0,0,378,GeNXOw,s15qzr,1,2,3612.16,93,NOT_FRAUD
0,3,388,S0JXr6,FTlSs7,0,1,2387.69,154,NOT_FRAUD
3,2,210,XOAiPs,Qla1RZ,0,2,3505.48,151,NOT_FRAUD
0,3,239,7MNmRD,9e05bt,0,2,2107.8,99,NOT_FRAUD
3,3,316,MOHsvl,4n2DUQ,1,1,404.46,117,NOT_FRAUD
2,1,399,VERvSB,Ebat1C,1,1,3068.28,49,NOT_FRAUD
2,3,381,H5PY3T,87nBJi,0,1,1417.07,19,NOT_FRAUD
1,1,277,rHsVIl,M2t7Wi,1,1,3605.31,129,NOT_FRAUD
3,0,226,YGPG5K,AgpCFK,1,1,186.11,136,NOT_FRAUD
3,2,246,ja1WLV,XNMy9R,1567,1,4943.5,55,FRAUD
0,0,317,nbaDkZ,tQTqSy,1,2,241.59,102,NOT_FRAUD
1,1095,327,kKj8Ma,WwmRO3,0,2,562.2,81,FRAUD
1,1,343,jLBllg,OJvAnV,1,1,4963.97,8,NOT_FRAUD
1,1,372,2Dz0hd,JxpaD6,1,0,3039.61,164,NOT_FRAUD
3,1,285,ZrTWZk,8PnqDW,3059,2,4593.89,20,FRAUD
2,3,365,VocrRc,BCKOqw,1,1,1815.94,2,NOT_FRAUD
1,0,351,iUZHRs,2YmIk0,1,1,287.3,38,NOT_FRAUD
3,0,322,gAEnQb,ZNUaOA,1,1,4658.27,22,NOT_FRAUD
3,1,396,pKwZBD,KN5Yb9,1,2,3276.0,109,NOT_FRAUD
2,3,287,ay3ypm,CVYxqV,0,0,3166.95,84,NOT_FRAUD
1,3,351,6CLtyW,qviGK2,0,1,4958.71,130,NOT_FRAUD
2,3,351,BCjpBc,gsE3Pn,1,0,2050.81,138,NOT_FRAUD
1,0,220,gp1gWJ,SrNnrT,1,1,1797.22,44,NOT_FRAUD
3,0,338,lu3zBG,lc0RDI,0,2,2914.24,69,NOT_FRAUD
1,0,301,qdZdRj,v8BJxJ,0,2,2690.59,10,NOT_FRAUD
2,3,228,6eeUZP,SogBCS,0,0,1422.59,118,NOT_FRAUD
1,4879,286,rr1bDI,vIegbP,9837,1,2447.95,119,FRAUD
1,3,371,C9tsRR,hT7EhJ,0,1,978.69,11,NOT_FRAUD
3,0,379,4p9FAN,b5QLWo,0,2,1724.68,116,NOT_FRAUD
0,1,348,AupEFm,XRZgdH,1,0,3492.13,65867,FRAUD
2,1,245,3pm6vc,YbyRxy,1,0,697.2,34,NOT_FRAUD
1,2,390,KnXtre,JHHxls,1,2,3131.37,130,NOT_FRAUD
0,0,341,Tmo9ll,NmKMuE,0,0,1691.38,74,NOT_FRAUD
1,1,291,1s1AoQ,ir2I4j,1,2,2695.78,79,NOT_FRAUD
0,1,214,LiC6Xb,Gh1PWg,0,0,1136.78,159,NOT_FRAUD
2,3,204,6cbH8N,2GtUFb,0,1,2836.8,122,NOT_FRAUD
0,1,311,7EKpzj,UQ1t60,0,2,445.05,1,NOT_FRAUD
2,0,305,v72Pgo,ABTLYH,0,1,1910.66,80,NOT_FRAUD
1,0,223,rH1qIW,12cL44,1,1,614.8,41,NOT_FRAUD
0,0,280,ie8W56,ZCB5uR,0,2,3569.6,71,NOT_FRAUD
1,1,259,mcxkzx,BqZVnd,1,2,4127.37,65,NOT_FRAUD
0,1,379,unOy32,etTlc4,1,0,4723.98,51,NOT_FRAUD
3,2,237,LwFLlO,4uChq2,1,2,2184.4,107,NOT_FRAUD
3,0,257,Q6Y5cu,FR5lff,0,1,1114.37,69,NOT_FRAUD
8314,0,272,dcKaAN,NaYrIB,1,2,926.05,2,FRAUD
3,0,254,ekW9YU,ZbcmrC,1,3379,932.88,32,FRAUD
1,2,368,U0qA2d,8p1Aag,1,0,2273.92,101,NOT_FRAUD
1,351,335,LbGjVP,cpiklu,1,2,4461.58,161,FRAUD
2,0,390,ink7gj,iVyotS,0,1,1298.68,45,NOT_FRAUD
0,2,214,sKFBwe,v83MlN,1,2,1172.87,71,NOT_FRAUD
1,2,302,8RF9VK,Fr3pO2,1,0,4878.62,34,NOT_FRAUD
3,0,331,3lC9LA,8MSc3m,0,2,771.84,166,NOT_FRAUD
3,8511,268,IcxrLi,zp5JUt,1,0,1470.01,163,FRAUD
1,3,214,17S5kr,Yd3GSy,0,0,2550.99,133,NOT_FRAUD
9794,2,389,B8XZ65,P3lYM3,1,2,1010.82,25,FRAUD
0,2,317,NtkwaW,pq0lHo,1,0,2972.91,83,NOT_FRAUD
1,1,205,qmOWIY,NVUuRv,1,4771,1958.74,91872,FRAUD
0,0,382,Gw1wQq,zADtvI,0,900,3473.72,84,FRAUD
2,2,277,8ydpne,jAqzI4,0,1,2918.42,125,NOT_FRAUD
2,1,294,9zaZw2,epz9LX,1,0,765.72,146,NOT_FRAUD
2,3,243,Y67XYf,8D5ezw,0,1,3043.29,32,NOT_FRAUD
2,2,295,u15As5,4o5sBm,0,2,2227.52,128,NOT_FRAUD
1,3,363,tSyqVq,jJfha8,0,0,1145.89,54,NOT_FRAUD
1,3,400,hFvmlY,uDtZu3,1,2,4880.27,130,NOT_FRAUD
2,1,327,9D1Rih,5umeJy,0,2,1306.77,156,NOT_FRAUD
2,2,276,2W86Ez,olwZxa,1,2,2114.18,77,NOT_FRAUD
1,0,248,ZVsPXw,tErXFY,1,1,4884.22,151,NOT_FRAUD
1,2,260,A6P5aU,4TUGyp,0,0,339.35,125,NOT_FRAUD
3,2,331,wB5mls,LpRkZY,0,0,4447.21,113,NOT_FRAUD
1,2,357,WCZvyF,ABc6o5,0,0,52.85,22,NOT_FRAUD
3,3,362,cgdDfy,8MCBq3,1,2,121.53,167,NOT_FRAUD
3,2,252,CxCu4q,gwnhew,1,0,4515.13,53,NOT_FRAUD
1,2,275,l5UWpw,16jfoy,0,1,4890.93,64,NOT_FRAUD
0,0,327,9jlxJb,yz7GqP,0,1,3995.07,4,NOT_FRAUD
1,2,331,ujn9EG,GkxscD,1,1,891.41,165,NOT_FRAUD
0,3,379,kbFGzB,RdDMqr,1,2,2501.66,30,NOT_FRAUD
2,2,219,H2xMqp,DxLcQe,1,1,4547.6,22952,FRAUD
1,2,371,d7ICvA,HZ6kOU,1,1727,4625.3,108,FRAUD
3,2,326,wKwkPJ,yNhz1t,0,2,3389.38,62,NOT_FRAUD
0,2,292,Mt9l2E,mW4Fpo,1,1,3150.52,28,NOT_FRAUD
2,3,344,N6Rxkf,C2264v,1,1,179.07,112,NOT_FRAUD
3,0,221,fW0WTo,uB0Hbp,1,2,2952.51,118,NOT_FRAUD
3,1,311,kGGPH7,7zlt8x,2224,2,754.18,134,FRAUD
2,2,400,WN9EwO,Ba3atJ,0,1,4067.74,164,NOT_FRAUD
2,6548,389,GmfO3K,uXXtxA,1,2,455.06,6,FRAUD
1,2,275,BlmRKa,UHxZiu,1,1,1271.72,141,NOT_FRAUD
1,0,361,CtayBN,ZlCW5R,1,2,3600.74,14,NOT_FRAUD
0,2,274,VzX4uX,jJanOe,1,1,700.15,44,NOT_FRAUD
2,9409,345,GvEXls,C8PfgN,1,2,2637.21,40,FRAUD
3,2,393,zEyRgG,vgDUVR,0,1,3076.37,121,NOT_FRAUD
0,0,386,HBuahc,eri6s8,0,1,1092.48,94,NOT_FRAUD
2,2,367,Z1YdDQ,mxa7V1,0,1,4907.39,40,NOT_FRAUD
3,0,212,3OKWqo,9xsfs9,0,0,1732.45,81,NOT_FRAUD
0,2,314,20lEPw,N3cuV0,1,916,1343.12,107,FRAUD
2,2,273,FGRSk3,kw2I3Y,1,2,4970.52,81,NOT_FRAUD
1,2440,371,ggRrYK,Lzd2mb,1,2,3870.31,113,FRAUD
3,0,274,rwNiF7,3TAQly,1,0,4435.34,130,NOT_FRAUD
2,2,313,JxKUTn,rC6g2K,1,1,4833.51,57,NOT_FRAUD
2,3,313,4h4Oju,W5Ky7Y,0,1,1014.34,106,NOT_FRAUD
2,0,346,4hn5ap,ATwg9W,782,0,4723.85,85,FRAUD
0,0,212,42NfV9,ttcG9q,1,2,4436.68,62,NOT_FRAUD
1,2,374,7cqB7h,L42Lbt,0,1,2327.51,21,NOT_FRAUD
0,0,276,Za8MUd,7xttYH,0,0,2000.31,106,NOT_FRAUD
